{"Test Loss": 0.0011661382159218192, "_timestamp": 1688670354.869427, "_runtime": 35.35011696815491, "_step": 713, "Final Test Loss": 0.003015042912071858, "_wandb": {"runtime": 34}}